﻿<?xml version="1.0" encoding="UTF-8"?>
<InfoCenter>
    <Page Type="Clock">
        <Title>FF Ried im Traunkreis</Title>
        <Text UseMaxTextSize="true" LeftAligned="false">
            <TextTitle Color="#FFFFFF"/>
        </Text>
        <FooterLeft> </FooterLeft>
        <FooterRight> </FooterRight>
    </Page>
    <Page Type="Default">
        <Title>Laufende Einsätze OÖ</Title>
        <ImageUrl>http://intranet.ooelfv.at/webext2/img/karte_laufend.jpg</ImageUrl>
        <FooterLeft/>
        <FooterRight/>
    </Page>
</InfoCenter>